2.0,11.741123142875253
2.0,8.705389651342271
1.0,-2.487998881313818
1.0,0.7533365454431604
2.0,17.078399115067008
2.0,11.461871429836766
1.0,0.14614463713921316
1.0,8.0
1.0,7.0
1.0,-2.4782432873647826
2.0,10.374084584817805
2.0,9.968073014470942
2.0,26.0
1.0,7.0
2.0,7.38928199134685
2.0,11.30463769982686
1.0,3.0
2.0,12.409425777975997
2.0,12.840402660592304
2.0,9.821050105859875
2.0,9.082711454109852
2.0,18.0
2.0,12.869331342696297
1.0,-3.5706569636421746
2.0,9.611841353005824
1.0,-4.041967100081418
1.0,0.44233118466231147
2.0,8.752329394024269
2.0,20.0
1.0,1.1119593905189042
2.0,11.52191944042919
2.0,12.57420186658086
2.0,13.453696103679171
1.0,6.0
2.0,5.653566971886873
2.0,12.348833313168955
1.0,-1.2506030971140367
2.0,11.816421897409247
1.0,9.0
1.0,7.0
2.0,2.26083459281676
2.0,11.523291193222821
1.0,4.0
2.0,7.787422859600625
2.0,11.669606340952198
1.0,-1.5459940664934033
2.0,9.270759272821163
2.0,20.0
1.0,6.0
2.0,10.462455155140972
2.0,21.0
1.0,3.897681067743179
2.0,1.9785770155676419
1.0,-1.8979563465735654
1.0,-0.7217716654211124
1.0,-1.6051180879191964
2.0,12.853083181755087
1.0,-1.7144874451917465
2.0,10.903667357827299
1.0,1.1952424566662598
2.0,9.416065108953582
1.0,2.012074735963815
2.0,21.0
1.0,3.3166208394166627
2.0,2.3891626232165875
2.0,13.021897225586184
1.0,-4.2697463645673865
2.0,19.0
2.0,16.65153752664603
2.0,16.251475087654235
2.0,19.0
1.0,1.0405108101013933
2.0,4.680908613965004
2.0,22.0
2.0,8.276153263670123
2.0,10.938762721101812
2.0,11.557590575088518
1.0,-3.716025509170904
2.0,2.3643405167478146
1.0,-3.095710886405394
2.0,23.0
2.0,11.242509347595607
2.0,19.0
1.0,1.6742590161624242
2.0,11.14350474033951
1.0,1.130435884431276
2.0,11.314692294111541
2.0,23.0
1.0,-0.542767528828604
2.0,11.730162924114383
2.0,-2.8420813643248906
2.0,14.0
1.0,-0.3540912179452307
2.0,14.73413311049503
1.0,-2.06121642578499
2.0,5.242924104675803
2.0,11.013414059020008
2.0,20.0
2.0,5.248923966453951
2.0,9.846725078377794
2.0,9.480459469719777
2.0,22.0
2.0,15.131131405115095
1.0,3.6394184078697025
2.0,23.0
2.0,16.0
2.0,10.613422403154958
2.0,7.117199297650142
2.0,20.0
2.0,15.451316412532094
2.0,13.163803257338387
2.0,20.0
1.0,2.1102862611793753
1.0,-2.087844731874541
2.0,12.569614735498199
1.0,3.024359905972167
1.0,0.876283971139135
2.0,12.321250275598407
1.0,-0.7550927292022164
2.0,11.469673341798998
2.0,11.285566398380706
2.0,7.017785639549219
2.0,20.0
2.0,10.439428216244469
1.0,-3.4083958577427276
2.0,15.421318977998386
2.0,21.0
2.0,6.597313588276863
2.0,11.449238493534553
1.0,-3.591110948067843
2.0,8.855294358279277
2.0,10.07053604604813
2.0,15.0
1.0,1.5471493791896083
2.0,10.180922198357813
1.0,0.3139335816487951
2.0,10.734755049495526
2.0,11.344073964825471
2.0,19.0
2.0,11.62095909528217
1.0,-0.8951970115502901
1.0,5.0
1.0,0.18465388322014914
2.0,10.691597856597605
1.0,2.0
2.0,27.0
1.0,2.0
2.0,11.62776708842464
2.0,12.408628294461701
2.0,12.0
1.0,1.5817067862014462
2.0,19.0
1.0,0.07002789863830562
1.0,-0.7784989465536586
2.0,16.0
1.0,-3.207569925025863
2.0,27.0
2.0,11.657862974706209
1.0,1.7449857002792073
2.0,11.286651141940276
2.0,20.0
2.0,14.453202076316913
1.0,1.2698082260718917
1.0,-2.624082046879287
1.0,1.1740022039118878
1.0,2.0
2.0,4.793607715172772
2.0,12.860099089561453
1.0,6.0
1.0,9.0
2.0,12.425971244492258
2.0,12.475080975829593
1.0,-2.481713802202581
1.0,0.31938456854662267
2.0,5.199394866069528
2.0,11.476157597022018
2.0,12.534236507223284
2.0,18.0
2.0,7.52597714649238
2.0,8.807455898008726
1.0,1.563281559435581
1.0,1.289830669385704
2.0,10.861786746285512
2.0,27.0
2.0,16.0
2.0,17.0
2.0,11.114779256000215
2.0,12.497558162993638
2.0,11.482888148819455
2.0,15.0
1.0,0.7953050391924008
1.0,-2.8517802584307437
2.0,13.49177141179428
1.0,-4.40908749496079
2.0,12.297222959301271
2.0,8.728266453103213
2.0,11.302827423404997
1.0,4.0
1.0,1.4889268438127445
2.0,10.61401456530664
2.0,14.0
1.0,7.0
1.0,1.6441254170142028
2.0,7.5194225448219045
2.0,10.33189711419384
1.0,-2.096601618918454
1.0,1.8935876991969116
1.0,2.5287289795924037
2.0,15.0
1.0,-2.2241510927453967
1.0,0.6925522583928956
2.0,14.621680470752992
2.0,9.153711640139967
1.0,-0.7799174895870277
1.0,2.3712738549533876
1.0,2.770369505058544
2.0,20.0
1.0,2.833920894564206
1.0,1.6227843487854394
1.0,4.405998872498278
2.0,7.957121140961281
2.0,21.0
1.0,-1.534487309956303
1.0,1.6644707683144047
2.0,11.536779165632112
1.0,0.32517925806021114
2.0,21.0
1.0,-1.6949913731153745
1.0,-4.886552202314736
1.0,5.0
2.0,14.57104707364449
1.0,0.8846778126186893
2.0,21.56369077387518
1.0,0.9294783324515232
2.0,9.232058490335564
1.0,-0.31623345927078284
2.0,11.859331021998038
2.0,6.351790286454392
2.0,13.76933612385178
2.0,13.0
1.0,-1.507649135263787
2.0,19.0
2.0,20.0
2.0,25.0
2.0,17.0
2.0,12.842381389374045
2.0,11.603095623541858
1.0,2.7583241761097215
1.0,-3.0842027681086135
2.0,6.2146755575190875
1.0,3.5611948089624264
2.0,12.371360820804263
2.0,6.419193149604364
2.0,0.7921644546989075
2.0,6.545148472220941
1.0,3.3642603725782907
2.0,20.0
1.0,-3.1851709664474774
1.0,11.0
2.0,9.736809778190409
2.0,12.287434588333213
1.0,-1.0498487819573732
2.0,-3.424423035631289
2.0,12.185440537465482
2.0,9.72917721956755
2.0,5.872323940617528
2.0,10.252341742505989
2.0,12.158180970882555
1.0,9.0
2.0,8.828765514750184
2.0,19.0
2.0,12.631117624228898
1.0,-3.7636043388233484
2.0,11.092408012141956
2.0,7.767884190892941
2.0,19.0
1.0,-2.8158834665523877
1.0,1.052896174500197
2.0,10.426076712669087
1.0,3.7552930698441305
1.0,-1.946010597457773
1.0,-4.001221345738131
2.0,22.0
2.0,12.263955801391457
2.0,11.944769211283647
2.0,21.0
1.0,-2.412150327744614
2.0,10.832009791982983
1.0,0.5184714963243218
2.0,13.016113083243226
2.0,6.1192361374269275
1.0,5.0
1.0,5.0
2.0,-0.6850557887565021
2.0,7.870597990442702
1.0,-3.691457981962592
2.0,12.478260056001524
2.0,8.741607773478409
2.0,7.078534967521352
2.0,5.363040887825815
2.0,7.178423340211526
1.0,-2.6618675127865923
1.0,-0.14360046343417088
2.0,21.0
2.0,13.334988332078314
2.0,26.0
1.0,0.21272166853857763
1.0,4.951612216920298
2.0,11.07216303206622
2.0,12.0
2.0,9.84795978371517
1.0,-1.8123818312048101
1.0,2.098300185838196
2.0,12.518209650172604
1.0,7.0
2.0,9.931804548143488
2.0,13.341384341869945
1.0,6.0
1.0,4.2803777265151846
2.0,12.210949649767478
1.0,7.0
2.0,13.07872058580293
2.0,5.49997776791224
1.0,5.0
1.0,0.7528515862920955
2.0,7.414997760700633
2.0,14.641769381723632
2.0,20.080322229098705
1.0,0.7607890049974313
1.0,1.3781615428356866
1.0,-3.203615975447105
1.0,0.950982174365606
1.0,-1.2054196114604638
2.0,9.655787879802567
2.0,12.959871073952332
2.0,6.718471384944291
1.0,1.407817491539933
2.0,13.0
1.0,-0.12602763832660813
2.0,30.0
2.0,7.229986928206239
2.0,3.9826011711922256
1.0,7.0
1.0,4.014736459853101
2.0,22.0
2.0,12.868099460975468
2.0,26.0
2.0,14.058352529309513
2.0,8.75423556652478
1.0,1.0937840563379186
1.0,1.2666782894038549
1.0,3.4086882876043716
1.0,-3.305447570980228
2.0,28.0
1.0,0.7473372578760709
2.0,14.0
2.0,5.758056654932542
1.0,4.540986800268311
2.0,4.630433077571553
2.0,13.442689587874451
1.0,-4.004716352526096
1.0,-4.506685690150016
2.0,9.05173779127851
2.0,4.355583827585631
1.0,10.0
2.0,10.99671647263024
2.0,4.094763314102424
2.0,21.0
2.0,14.0
2.0,8.710796813740576
2.0,21.0
2.0,15.146376879831081
1.0,2.006062580191813
2.0,8.995930116070937
2.0,17.0
2.0,8.815794915223394
1.0,-1.5593025981214448
1.0,3.2503446748022107
1.0,1.4162450302347431
2.0,26.0
1.0,10.0
1.0,-1.4246579150880676
2.0,16.0
2.0,15.19777069000888
2.0,10.319282769042172
1.0,-2.865456381389126
2.0,13.641876435487298
1.0,1.8341283851669723
2.0,26.0
1.0,0.54443304650144
2.0,18.0
1.0,2.753118545192215
2.0,11.266485509702171
1.0,0.288901996193128
2.0,14.21761198011033
1.0,-3.4081608373973435
2.0,5.60150794384531
1.0,-4.2067026945878885
1.0,1.567585840802422
2.0,-6.61840073430176
2.0,11.04920203408753
2.0,12.671953553774001
2.0,9.798396048721754
2.0,8.435274299436728
2.0,8.767733218100716
1.0,-2.8323531288191823
1.0,0.2182102723604485
2.0,16.50709700339261
2.0,10.209719590562033
1.0,0.3779332468144163
1.0,0.08315628718679985
2.0,7.281188961162358
2.0,10.65208897471131
2.0,11.002136131604216
1.0,-0.290951626691919
2.0,24.0
2.0,8.873267693995674
2.0,27.0
1.0,1.6168906192559762
2.0,9.463534791546358
2.0,12.557519530603104
1.0,5.370445541905015
2.0,16.08519238844792
2.0,19.0
2.0,-1.0286561966349925
2.0,10.667541778562654
1.0,-1.5655533156975738
1.0,-7.024527184322059
1.0,3.4306191762902323
2.0,7.553898605934196
2.0,23.0
2.0,7.295050071060496
1.0,4.0
1.0,-1.3698865920060124
2.0,15.0
2.0,9.270643126984705
1.0,0.9386400116799565
2.0,11.916123492396254
1.0,7.0
1.0,-3.0094924860571397
1.0,2.618482318719532
2.0,11.400752860198255
2.0,23.0
1.0,4.463076856434194
1.0,0.5062149370596604
1.0,-3.9849572030266094
1.0,1.4803040776735805
1.0,0.3960673881718056
2.0,17.099367184719057
2.0,13.432244836236626
2.0,12.540939030107342
2.0,22.0
2.0,11.311043379772734
2.0,11.3199783726457
2.0,9.770287396554105
2.0,11.122556188283397
1.0,1.4024962280922872
2.0,10.743752139577973
1.0,2.3592153171126333
1.0,2.169724723975845
2.0,19.0
2.0,10.559856788170254
1.0,6.0
1.0,1.1889516391401413
2.0,7.846769534644717
1.0,2.4044603918574117
2.0,9.319640394016332
2.0,12.26612752293797
1.0,1.8656950938509134
2.0,24.0
1.0,1.9785041747933887
2.0,11.510339582586674
1.0,-1.7716083163975083
2.0,11.90738051311829
1.0,-2.2715065353751838
1.0,5.0
1.0,-2.3301060299899294
2.0,8.50123829694235
1.0,8.0
2.0,10.666525472086867
2.0,10.29045539610924
2.0,10.318852172578096
2.0,15.0
1.0,7.0
2.0,9.075333388583843
1.0,-2.5600606893457356
2.0,12.823029585604171
2.0,12.0
2.0,8.696885389355959
2.0,11.16041705977643
1.0,-1.2524376975678155
1.0,0.45817637104052944
2.0,11.925239743832146
1.0,5.0
2.0,3.6927407153474014
1.0,5.014164826270718
1.0,6.0
2.0,11.513679525146369
2.0,12.326947298209788
2.0,10.005467065083737
1.0,-2.6111216571583142
2.0,16.587192187128096
1.0,1.3847689515872075
2.0,9.267855431864506
2.0,16.0
2.0,12.15068267023248
1.0,1.0695776822067906
2.0,27.0
2.0,11.566632509178604
2.0,18.0
1.0,1.3188607705813418
1.0,6.0
1.0,3.550601282337995
1.0,-0.39833182189465877
2.0,3.897908186624406
1.0,-4.971135801845117
2.0,12.310844211136597
1.0,3.952162983755752
1.0,-2.23466051761487
1.0,0.0387549873781827
2.0,8.395594921739496
2.0,21.0
2.0,10.173625229071362
2.0,21.0
2.0,6.006236341253875
1.0,3.057838871759083
2.0,24.0
2.0,14.36691539974069
2.0,27.0
2.0,11.78933109601011
1.0,2.4799394370290653
2.0,21.0
2.0,9.32457166601792
2.0,10.645719249538407
1.0,-0.770953633412099
2.0,13.268281600195568
2.0,9.768864585615974
2.0,12.915919440858312
1.0,7.0
2.0,27.0
2.0,20.0
2.0,7.303158122550377
2.0,12.0
2.0,8.970997225843627
2.0,15.0
2.0,8.447945452367485
2.0,13.0
2.0,9.377443921500362
2.0,9.459398190250042
2.0,12.979274657274617
2.0,12.39806602693658
1.0,0.49586404612124413
2.0,26.0
2.0,12.210419595957335
1.0,-3.709087642333689
2.0,17.0
2.0,11.699369816130137
2.0,16.0
1.0,-1.9398099260868857
2.0,11.331586891445383
2.0,22.0
1.0,1.7795027751500698
2.0,13.179710486219292
1.0,7.0
1.0,4.0
1.0,-0.3348038824853936
1.0,1.435156514359843
2.0,6.527678682652761
1.0,4.748288271190398
2.0,9.176666977217993
2.0,19.0
2.0,14.801349691046717
2.0,12.72215963699931
1.0,-2.2922252270108836
2.0,18.0
1.0,-2.9067218373593486
2.0,9.791910408234624
1.0,1.7633549697570081
1.0,-2.132750278855622
2.0,20.0
2.0,16.341846500892526
2.0,12.528010435236927
2.0,15.0
2.0,20.0
1.0,12.0
2.0,4.8423623316128905
2.0,3.045459490766298
2.0,10.813033245798197
2.0,8.14307217623571
1.0,-0.11243676333982296
2.0,13.314188541763476
2.0,18.84328344661695
1.0,0.09394391851439238
1.0,-2.479361201647888
2.0,10.632602192191172
2.0,9.533286327514324
2.0,12.326539527076996
1.0,3.2362705998392607
2.0,12.1339325801641
2.0,12.637670855419678
2.0,22.0
2.0,9.552606048078609
2.0,22.0
2.0,14.0
2.0,17.0
1.0,2.3108757490305205
1.0,0.11763789045932296
2.0,9.18979054851771
1.0,1.07253710349515
2.0,-3.987719930680676
2.0,11.850530887197808
1.0,-0.09608265045884135
1.0,0.6557415970772749
2.0,17.0
2.0,3.0405858459853405
1.0,-3.171805382918026
2.0,10.404990703995646
2.0,18.0
2.0,17.993203443288934
2.0,12.540887626389852
2.0,11.516147251214974
2.0,10.828676435830126
2.0,22.0
1.0,3.8955164838853236
2.0,12.125119912098944
1.0,7.0
2.0,2.767751860036695
1.0,-1.1869576299048936
2.0,11.193115296893954
2.0,21.0
2.0,-0.39605681412503735
1.0,7.0
1.0,-4.095681136127759
1.0,2.5275464781310895
1.0,1.191742144077776
2.0,5.985311334271381
2.0,9.505332655341293
2.0,11.52745886881036
2.0,10.832871579914936
1.0,9.0
1.0,-2.797366328931978
2.0,9.649551467447186
2.0,18.0
1.0,6.778892872003958
1.0,10.0
1.0,4.1312514362838755
2.0,6.152132121050347
2.0,11.435908079738242
2.0,24.0
1.0,-0.8995967423117557
1.0,3.0
1.0,3.3570444478419974
2.0,11.47499820033414
2.0,-0.1000966477118066
2.0,9.714566260919332
2.0,6.836854346207154
1.0,8.0
1.0,-1.8835796917084342
2.0,19.0
2.0,12.234544019119724
2.0,12.03002449731837
1.0,-4.872145592969436
1.0,0.4257385130795415
1.0,-1.246468967186985
2.0,4.505388997910537
2.0,30.0
1.0,5.0
1.0,0.5141437837699007
1.0,0.257563839210222
2.0,9.103496078492903
2.0,7.866523039332135
2.0,13.259715584292554
1.0,2.626415257078956
2.0,20.200558050755152
1.0,0.10489421559330056
1.0,-1.7375360707713048
2.0,12.364258369560474
1.0,0.20502530015289783
2.0,11.0021644859492
1.0,0.269833800042682
1.0,-3.0239194187242586
1.0,4.533186094061978
2.0,26.0
1.0,8.0
2.0,14.991294805692625
1.0,8.0
1.0,0.15144618012014993
2.0,11.729308724785025
1.0,-3.8552692281599925
2.0,13.782404077121043
1.0,0.9120733009097747
2.0,20.0
2.0,10.468134807374689
2.0,10.971904803548
1.0,-3.535354878923033
2.0,10.933603771015342
1.0,1.1829061732606447
2.0,10.173304038660197
2.0,14.741894504710693
1.0,0.5050254988032195
2.0,10.112625233812269
2.0,9.758128115163892
2.0,9.600584859328439
1.0,2.3562273131428246
1.0,10.0
1.0,5.0
2.0,4.5674213958157335
2.0,12.532683352035614
2.0,10.849822725368037
1.0,6.138673566327846
2.0,11.682056568861645
2.0,31.0
1.0,2.408882143541904
1.0,8.0
1.0,-2.5808927852546235
2.0,9.020986933612724
2.0,10.411592281934258
1.0,1.1650386977407212
1.0,1.8659739740416525
1.0,-0.8989199032862301
1.0,-3.745622245243659
2.0,9.23817116414233
1.0,0.0914632005836453
2.0,10.297539708152545
1.0,-0.4673581297009393
1.0,4.0
1.0,-0.589906582227486
2.0,5.6552954493369665
2.0,11.872074459986427
1.0,8.0
2.0,17.0
1.0,5.0
1.0,-0.038832749952865786
1.0,3.611466103715317
2.0,12.810308776243318
2.0,13.0
2.0,23.0
2.0,7.265144471068001
1.0,-3.798008817672244
2.0,8.265802856973641
2.0,10.080116110363535
2.0,12.569578749935154
2.0,12.747920657258051
1.0,2.058424456577711
2.0,9.046664523000015
2.0,7.18511566752296
2.0,10.757728739162083
1.0,-1.0926532009517933
1.0,10.553667610565538
2.0,10.589449153455403
1.0,6.933267936789557
2.0,22.0
1.0,0.5931367066427715
2.0,9.358340646867468
2.0,15.0
2.0,10.032215731744584
2.0,19.0
1.0,0.9590569898263361
2.0,11.746712591798882
2.0,19.0
1.0,10.0
2.0,16.0
2.0,11.18056270178757
2.0,24.0
2.0,24.0
1.0,0.48498694693304645
2.0,13.196804367841159
2.0,19.0
1.0,8.0
1.0,-2.14076447233015
2.0,15.0
1.0,4.151403244894151
1.0,-4.490096078808158
2.0,8.554259019882982
1.0,1.4108736913508577
2.0,10.418266296505454
2.0,12.476047373637739
1.0,-4.023085995971644
2.0,17.0
2.0,7.312558719239318
1.0,-3.58058316339869
1.0,1.8462031157401098
1.0,6.0
2.0,5.166997949152542
2.0,12.229233098465038
2.0,12.432431206523427
1.0,-0.14653959970138652
2.0,17.0
2.0,10.660431859700614
2.0,11.815764314562168
2.0,9.632910764920542
1.0,7.0
2.0,-1.330952948449415
2.0,26.0
2.0,24.0
2.0,10.40667878449909
2.0,16.0
1.0,-1.5478900557098418
2.0,17.0
1.0,0.010299902891262962
1.0,-3.753892960747699
1.0,-1.9538171431917357
2.0,15.0
2.0,10.14751805262852
2.0,2.4378332988144997
1.0,-3.6354555983906995
1.0,1.0665610733107684
2.0,21.0
2.0,11.450692731311195
2.0,17.0
1.0,-4.0161991159390835
2.0,19.0
2.0,12.041956128697661
2.0,20.0
2.0,12.337132532664182
2.0,5.338762292568424
2.0,9.127412232469608
1.0,-0.9313548647842114
2.0,12.732558876722313
2.0,11.201513920471712
2.0,13.23100870543286
2.0,25.0
2.0,7.184079641622274
1.0,4.0
2.0,10.937217802935566
1.0,5.0
1.0,-2.9823200253139914
1.0,6.253353002542013
2.0,8.694554885147507
2.0,17.3722015299904
2.0,11.085632154585921
2.0,8.88679512924141
1.0,-2.284564660048403
2.0,11.29390290521869
2.0,13.464157370541507
2.0,15.0
1.0,0.36675825282302493
2.0,23.0
1.0,7.0
1.0,3.1902667085030436
1.0,1.0045167542595705
1.0,1.7278166543503792
2.0,11.242461191065678
2.0,11.203579917143694
2.0,12.63727514131688
2.0,12.158402905545287
1.0,7.0
2.0,11.309770155383315
2.0,15.0
1.0,-1.2861014840455465
1.0,1.3971677557141604
2.0,20.0
2.0,2.7149181535105917
2.0,9.227008353952156
1.0,-2.3043986440684527
1.0,0.07783403490624484
2.0,7.797022630866541
2.0,4.613097473062451
1.0,9.0
2.0,0.3213177966245073
1.0,3.504473053523594
1.0,0.002702806447028472
2.0,12.574914978069595
2.0,21.0
2.0,12.104998979974432
1.0,4.0
2.0,22.0
1.0,-3.4052512017681615
2.0,13.257754408892549
1.0,-3.0776116959308237
2.0,7.87005170385559
2.0,17.0
1.0,2.9047183668176
2.0,11.238736932476101
1.0,1.0026212500553977
2.0,9.66555998316128
2.0,11.250267746111637
2.0,7.974204842994209
2.0,10.422828805368331
2.0,15.922498014949575
2.0,10.317173711673254
1.0,0.635854515681596
2.0,26.0
2.0,9.947513454513702
1.0,5.36772042206509
2.0,11.689385014421044
2.0,19.0
1.0,5.0
1.0,-1.2299750035435626
2.0,12.373547315775042
2.0,10.622861943054476
1.0,4.0
2.0,12.708675235394216
1.0,1.673789002829038
1.0,-2.2839625316711505
2.0,11.360771845621905
1.0,-1.0026147445267342
2.0,12.04969068734775
1.0,-0.15065514721886622
2.0,23.0
2.0,11.744501475725025
2.0,18.0
1.0,5.0
1.0,3.0456454538817317
1.0,2.528158638967239
2.0,12.483822236004837
1.0,-2.811522135189677
2.0,6.750458791378757
2.0,13.113681253118642
1.0,1.7488748244141832
1.0,2.3930447445491905
2.0,11.831387489241042
1.0,1.6285334655345227
1.0,-1.559923661432041
1.0,-2.584499971383081
1.0,1.0511316816815077
2.0,23.0
2.0,12.013363339844929
2.0,22.0
2.0,10.399131222906972
1.0,-1.7696794495308554
1.0,-3.3607676355774707
2.0,14.268665219503005
2.0,12.428561172638615
2.0,10.470129967463862
2.0,7.933070847535383
2.0,11.165322698129884
2.0,11.814440512092993
2.0,12.556929062884446
1.0,-2.7641604732177774
1.0,-3.3087808137976826
2.0,19.0
2.0,24.0
2.0,8.561136269187854
2.0,21.0
2.0,11.881518852251258
1.0,0.11086779085360335
1.0,3.0
1.0,-4.397588282723326
1.0,-2.149654580096862
2.0,10.736556088238327
1.0,-1.1866324073990104
2.0,2.188211578073936
2.0,23.0
2.0,10.306946086127793
2.0,13.835214614401368
2.0,24.0
2.0,-0.2373893481432745
2.0,11.618882120288127
2.0,10.882787106870703
1.0,1.0
1.0,3.0
1.0,-0.9878408867695443
1.0,-0.9934504128972867
2.0,10.811392145355708
2.0,21.0
2.0,8.776531169653763
1.0,1.1899186975527352
2.0,15.697289391988658
1.0,-3.3806184228569798
1.0,0.1300564624819193
1.0,-1.8819691957365294
2.0,18.0
1.0,-3.481409934111038
2.0,19.0
1.0,2.882069619752167
1.0,-1.3596122877268095
1.0,6.968441499336706
2.0,22.0
2.0,22.0
1.0,3.105299055725133
1.0,11.0
1.0,7.0
2.0,24.0
2.0,11.555370606844114
2.0,5.001632785835568
1.0,2.2563596784486757
2.0,9.89852124198808
1.0,5.581281538867114
2.0,2.6572702446428753
1.0,8.0
2.0,19.0
2.0,11.879447089533304
1.0,-2.791205945357052
2.0,12.341300612369103
1.0,5.738202498049455
1.0,-2.4898033720054316
1.0,3.0
1.0,1.0803391564696658
2.0,19.0
2.0,12.08765048737827
2.0,-0.5937491918931315
1.0,1.3673317872718298
2.0,11.63504363541606
2.0,20.0
1.0,6.0
2.0,11.216434853371238
1.0,0.32579905881135623
2.0,7.334783839475214
2.0,21.0
2.0,4.2394987198993705
2.0,10.851350435916812
1.0,-3.335632965557874
2.0,25.0
2.0,8.956353344271049
1.0,-2.619073182946854
2.0,8.237543888771945
2.0,11.172930238801374
2.0,11.72756808437399
2.0,10.756289516588769
2.0,11.599928159317535
2.0,11.264574082149334
1.0,2.9635467365945987
2.0,12.597823917797673
1.0,0.08018592134362278
1.0,-1.0333977510094714
1.0,0.7737406571811851
1.0,-0.6766866959560724
2.0,6.802104257980691
1.0,2.174490036060366
1.0,0.9965342408499216
2.0,12.12988096297661
1.0,4.648097490886272
1.0,-0.22775793420247237
1.0,-2.0646161664423404
2.0,11.953728987052875
1.0,-3.561129625999487
2.0,22.0
2.0,13.198169464493224
2.0,24.0
2.0,18.0
2.0,8.056591828428472
2.0,10.964771815599374
2.0,11.947582962865521
2.0,4.81964379191503
2.0,10.550649424508244
1.0,-4.330649802235729
2.0,9.207870057556251
2.0,8.839365843508245
1.0,7.0
1.0,9.0
2.0,25.0
2.0,11.533050661090847
2.0,7.965484024187102
2.0,5.479518120495582
2.0,13.522398258054835
1.0,-2.66014778744458
2.0,19.0
1.0,-2.306418676683192
1.0,4.426059647307195
1.0,-1.7301833963888995
2.0,12.2818065430702
1.0,3.0
2.0,19.527908738545065
2.0,18.0
1.0,-0.6058171120072697
2.0,10.750237863536459
2.0,12.794244776622158
2.0,5.800317802287191
1.0,10.0
2.0,10.831760477652136
2.0,11.061605819646983
2.0,7.568346236383466
1.0,1.2456820110358529
2.0,28.0
2.0,11.855511767676449
2.0,8.912224279213456
2.0,11.023595580470127
2.0,7.029138775486501
1.0,4.0
1.0,5.0
2.0,13.014910365354128
1.0,-1.0394833491002249
2.0,20.0
2.0,10.809432149232554
1.0,1.3919943058989315
1.0,-2.2265081061399092
2.0,12.588721122582403
2.0,11.763673123279418
1.0,6.0
2.0,4.308014929467742
2.0,10.648793026564347
1.0,6.786898284033429
1.0,-3.280239796247637
1.0,0.2216884061632111
2.0,-0.3792282965274545
1.0,-3.678946774620041
1.0,1.2237502348452134
2.0,12.467663551591931
1.0,9.0
2.0,24.0
2.0,10.87652204773668
2.0,14.141735491956204
2.0,10.40196224841088
2.0,9.106318236726795
2.0,22.0
2.0,9.459201113273792
2.0,11.33884143471724
2.0,11.584988931255165
2.0,17.0
2.0,4.425642843108674
1.0,0.8794653484071024
2.0,10.964717943305802
2.0,15.0
2.0,10.095741293365746
2.0,15.627155261266498
2.0,9.784062333700785
2.0,9.48553962691193
2.0,10.090603806756077
2.0,16.0
1.0,3.0
2.0,12.478791673712692
2.0,0.8080118169381372
2.0,12.577706358219192
1.0,3.0
2.0,12.444129887080713
1.0,-2.0016891884667403
1.0,-2.135829451698677
1.0,6.0
2.0,8.448235171540922
2.0,-0.036280118611943024
1.0,6.0
1.0,-2.020742122916604
1.0,-2.4691374093372263
2.0,2.9891112398896738
2.0,15.0
2.0,15.0
2.0,4.650348703519821
2.0,17.0
2.0,7.532067929254843
1.0,6.0
2.0,27.0
2.0,13.602805690675195
1.0,-2.5965214916503854
2.0,11.091373255960269
1.0,0.227264383024755
2.0,17.0
2.0,10.072194205778933
2.0,12.201793985034282
1.0,5.0
2.0,23.0
2.0,9.410358869017964
1.0,7.0
2.0,0.8561671453634858
2.0,21.0
2.0,11.790819937838663
2.0,13.791568897516633
2.0,11.504050472982925
2.0,7.311689160676831
2.0,10.224268470110832
2.0,11.156350708826585
2.0,12.020361442615899
2.0,9.9535345980404
2.0,12.680443523288542
1.0,-1.445241467012237
2.0,8.156015665048571
1.0,-1.4886662085628788
2.0,7.882528410294446
1.0,-3.394691291348045
2.0,7.915636990220123
2.0,0.11096626882305927
1.0,-3.666534296881267
1.0,-1.6879622076125111
2.0,20.0
2.0,13.326763725543623
1.0,2.8181534505982557
2.0,8.599981586005342
1.0,-1.3152675006939225
2.0,11.457012505085963
2.0,7.888596044066634
2.0,20.501247968829855
1.0,-1.0843474110817513
2.0,11.22081429281041
2.0,20.0
2.0,12.250864580863752
2.0,11.898756370499719
1.0,2.3787664267728594
2.0,22.0
1.0,8.0
2.0,7.155680440245169
1.0,3.469463562359496
1.0,-3.7875545228156886
2.0,14.0
2.0,18.0
1.0,1.6044111144055366
1.0,4.0
1.0,2.839302316418647
1.0,0.39622663686740256
1.0,-1.0663461451862468
1.0,6.0
1.0,0.17101718178561853
1.0,-2.914107913052331
2.0,5.556917621024243
1.0,2.7000010600735687
2.0,3.3049120572400845
2.0,16.230415138566872
2.0,11.0
1.0,1.3088233601161403
1.0,-3.7176816051224066
2.0,4.645742222874115
2.0,7.730067438061133
1.0,5.0
2.0,19.0
2.0,10.094204841998193
2.0,26.0
2.0,11.05362863405032
2.0,10.301640550824477
1.0,9.0
2.0,6.519763851612377
2.0,11.365157395685062
2.0,23.0
2.0,10.81106351920248
1.0,0.8844195958711948
2.0,10.091739441199937
1.0,1.6456773222295178
2.0,12.105700332391631
2.0,13.097237563046475
2.0,11.516736872254567
1.0,3.4112963754781727
1.0,6.0
2.0,10.237618687476715
2.0,12.691734381630152
1.0,1.917615186122912
2.0,11.679145545815775
2.0,12.947994230893896
1.0,4.0
1.0,7.740904479673234
2.0,20.0
1.0,-1.9327790844485548
2.0,20.0
1.0,-1.9379785015241804
1.0,6.0
1.0,-4.362803162891779
2.0,22.0
2.0,18.092344018799214
1.0,3.0557803496480154
2.0,23.0
1.0,0.24882672217254506
1.0,1.221769081196714
1.0,7.3848447310117376
1.0,3.0
2.0,12.527875013184824
1.0,-0.03237480098919354
2.0,21.0
2.0,27.0
2.0,22.0
2.0,9.171364699496987
2.0,10.60238891453066
2.0,8.0034781964843
2.0,12.782819982977426
2.0,12.632642502284948
2.0,11.43627704245023
1.0,2.044976854261674
2.0,10.07211880003407
2.0,14.192582098837345
2.0,17.684147729837214
2.0,11.769748333317757
2.0,8.483638318885891
1.0,-3.4563151791611197
2.0,11.925665043770186
1.0,5.4603879295075926
2.0,-1.246600686413629
2.0,12.564030904754222
1.0,2.9466301399886157
2.0,7.632674430076986
2.0,26.0
2.0,10.555558809496802
2.0,12.432395946336573
2.0,3.2908553756659575
2.0,12.474366591053148
2.0,12.38566680285302
2.0,6.2911377682065925
2.0,7.471593499864783
1.0,0.684814312223937
2.0,12.502012539089138
2.0,22.0
1.0,-3.3386517440066257
2.0,23.0
2.0,14.0
2.0,22.0
2.0,11.789072799051219
2.0,13.0
2.0,2.715379130976708
2.0,11.140158462035057
1.0,-4.369931053927093
2.0,12.523249390983473
2.0,11.809523441339124
2.0,27.0
1.0,-0.19174085147626352
1.0,4.0
1.0,1.1073719258935237
2.0,17.869962443319977
2.0,10.492481848999088
2.0,12.18351983991654
2.0,19.0
2.0,12.691195982279964
2.0,19.0
1.0,1.0
2.0,22.0
2.0,11.392220933944682
2.0,9.162307845783186
2.0,25.0
1.0,0.26969788988339094
2.0,19.0
1.0,0.5849772832729944
2.0,26.0
2.0,12.078805093461806
1.0,0.19214633605346262
2.0,10.046449685933595
2.0,14.451545584906963
1.0,-2.410399995332857
2.0,15.0
1.0,-1.801398169174831
2.0,11.154837985985651
2.0,8.466500560318693
1.0,0.7255159622807391
2.0,12.087514624025527
1.0,-2.607502263709292
1.0,2.6619816916633012
1.0,0.21288636285082563
2.0,12.186196377330932
1.0,2.2359672880970756
2.0,14.444774270972992
2.0,11.558184009431598
2.0,11.571646547699997
2.0,9.886559428527967
2.0,10.585482153270005
2.0,9.724536379383073
1.0,3.0
2.0,26.421690164867677
2.0,11.004857826027044
2.0,11.4943008311785
2.0,0.7403243478288974
2.0,9.888834883871297
1.0,9.0
2.0,12.159410368199786
2.0,7.418814125152524
2.0,6.890573590696402
2.0,12.51284878427806
1.0,0.23571242229176334
1.0,0.3479112474263162
2.0,22.0
1.0,0.5204546571258801
2.0,20.0
2.0,-2.4513737876072916
2.0,12.080053681088927
2.0,24.0
1.0,2.471597442858366
2.0,14.459611914565178
2.0,31.0
1.0,0.6666097707622671
1.0,0.7069552276076999
2.0,11.45953611820357
1.0,3.8546576071218617
2.0,12.313497266279832
2.0,7.06344637115232
1.0,0.9143534498875577
2.0,11.361321874906567
1.0,-2.5524568282902975
2.0,10.228322031894372
2.0,11.276651476086878
2.0,8.3314522107984
1.0,0.9358239879022248
2.0,8.138676792830251
2.0,10.885845370648608
1.0,-2.726309300428375
2.0,1.431005110465918
2.0,13.19578201414932
1.0,7.0
2.0,8.052037261027698
2.0,14.04440355474186
2.0,23.0
1.0,0.05268016117198937
1.0,0.1395055331523474
2.0,10.892986117084599
2.0,25.0
2.0,15.0
2.0,12.828459734416814
1.0,0.5184502629592678
1.0,-2.016193061346254
2.0,17.0
2.0,16.0
2.0,11.974779066045791
2.0,6.990473514092567
2.0,11.817980058202801
1.0,5.0
1.0,1.0926027862395016
2.0,11.862902624053348
2.0,12.544321727953546
1.0,1.0
1.0,0.5473442431448097
1.0,0.5974572976109035
2.0,8.6666213598972
1.0,1.2047588631532524
1.0,2.0179615187465134
2.0,14.854426977363733
1.0,10.0
1.0,0.6781738928657224
1.0,0.4606932127672095
2.0,11.82769613621736
1.0,12.0
1.0,-0.6600518772330918
1.0,0.48950348626324175
2.0,11.732208732864478
1.0,7.0
2.0,20.0
2.0,23.0
2.0,16.597315965605034
2.0,11.968644861116337
2.0,14.431338629841864
2.0,8.444202327012203
1.0,2.1593756643193176
1.0,4.0
1.0,3.0
1.0,0.18126112641654665
1.0,0.8907067132951272
1.0,3.715677056668264
2.0,16.0
1.0,1.7832638135526737
2.0,13.57980771412845
2.0,8.151325205265394
2.0,11.583042082752604
2.0,12.20847198131934
1.0,2.2456556512402384
2.0,12.219391697878256
1.0,3.0
2.0,10.751357586121555
2.0,16.90621954271409
1.0,-4.418556029223395
1.0,5.0
1.0,3.93347901365875
2.0,22.857222539561477
2.0,18.0
2.0,12.887174785324465
2.0,8.294526926329162
1.0,0.7784456935805688
2.0,4.1463539087252235
2.0,12.630031126250511
2.0,30.0
1.0,-0.7877426928513142
2.0,12.730748519356283
1.0,5.0
1.0,6.0
1.0,1.631596177082979
1.0,5.0
2.0,12.70000540175268
2.0,14.0
2.0,14.0
1.0,2.4878147237337593
2.0,7.993514353748287
2.0,7.779086984089294
2.0,6.2681185157009
2.0,19.0
2.0,11.51531328197995
2.0,21.0
2.0,11.788626514723024
1.0,1.1627236979242472
1.0,-2.9719014513622044
2.0,8.663919011295889
1.0,-2.964073787610198
1.0,-0.5824937263736861
2.0,-0.06505494221384112
1.0,-4.148816298643984
1.0,0.3809337618013452
2.0,11.500586461042113
2.0,20.0
2.0,5.347326014718052
2.0,20.0
1.0,4.2371828712785975
2.0,4.161432328391797
2.0,22.0
2.0,18.0
1.0,4.0
1.0,-0.715173630632405
1.0,5.009251222551712
1.0,4.0
2.0,9.43181890051295
1.0,-4.213100260043435
2.0,10.639638851874551
2.0,3.953644766208532
1.0,-0.9180057656735325
2.0,7.509740680503658
1.0,5.562855765467953
2.0,17.0
1.0,-3.0309234130415783
1.0,6.0
2.0,15.143496035805265
1.0,-3.0423020871461564
2.0,8.63114039214942
2.0,12.336331895905243
2.0,25.0
2.0,12.123928480328624
2.0,23.0
1.0,2.0995934278388417
1.0,0.19209192395233474
2.0,25.0
2.0,14.0
2.0,14.22168128141387
1.0,5.0
1.0,0.6733688213625643
1.0,-5.959193542122268
1.0,2.5596662427173063
2.0,-0.5332874680877353
2.0,11.584555407251639
1.0,-3.2177007256762336
1.0,0.04077950447502954
2.0,2.2043213394836734
2.0,11.428625190229255
1.0,0.9088781412943959
1.0,-2.1571706827821675
2.0,12.749737296200216
1.0,-5.33897790513252
1.0,-4.649606592565111
2.0,10.263014481794507
2.0,21.0
2.0,16.426289601419025
1.0,-3.819890871481482
2.0,20.17424700883744
2.0,9.93753707685373
1.0,5.0
1.0,-3.0448488531514704
2.0,26.0
2.0,18.0
2.0,20.0
1.0,0.4804148534202157
2.0,14.283501693639764
1.0,6.0
2.0,13.0
1.0,-0.48523209848535664
2.0,13.229556635758506
1.0,-3.7207956944200546
2.0,9.010263284520695
2.0,3.74384776030009
2.0,10.0131241748173
2.0,10.837792499535404
2.0,11.254204618468588
2.0,8.940988250368896
1.0,-4.262190428995846
2.0,11.265343954241585
1.0,4.0
2.0,8.975718854499714
2.0,8.909410917532966
1.0,5.45489533348287
1.0,1.279409087762886
1.0,0.72978953401377
2.0,20.0
2.0,7.478698796966815
2.0,20.0
1.0,-2.612836458771262
2.0,9.72419107349752
1.0,-2.5473301924057843
1.0,1.8500278315232839
2.0,10.090662751956422
2.0,22.0
1.0,0.15560953969218438
2.0,21.0
2.0,16.560339717241202
1.0,5.0
1.0,-2.326896647843858
1.0,2.1866853036453535
1.0,8.0
1.0,-1.6514623584043788
2.0,20.419298926983085
2.0,9.998803981044546
2.0,24.0
1.0,2.0
2.0,12.562271933869162
2.0,24.0
2.0,10.924827922453371
1.0,5.0
2.0,13.291793535745734
1.0,-3.057268472392945
2.0,18.47880227679878
2.0,13.089059203930617
1.0,3.6851046682266233
2.0,0.04289001466783304
1.0,-4.627272901851043
1.0,1.5012283339432437
1.0,2.0
2.0,25.0
2.0,11.0
2.0,11.857957302913642
2.0,18.0
2.0,13.892772799483264
1.0,0.9253105286157173
1.0,0.054029898983330514
1.0,1.0498294935925565
2.0,11.692741470008992
2.0,11.461810067544306
2.0,9.018320701181658
2.0,12.115444504403554
2.0,10.50940148296358
1.0,3.0
1.0,1.5699977510832586
1.0,0.001628823802767887
1.0,0.20136497409662293
2.0,24.0
1.0,-4.431634091293651
2.0,1.8920322751142304
2.0,15.0
2.0,17.0
1.0,0.9171330091095801
1.0,-1.8192766687362067
2.0,6.980110707179714
2.0,9.516375878134454
2.0,12.0
2.0,10.74197081302936
1.0,-1.783902639241968
1.0,2.1696188685495463
1.0,8.0
2.0,16.0
2.0,9.371751388931001
1.0,0.4506718828519706
1.0,0.20231697264858883
2.0,27.0
1.0,2.1407692698698497
2.0,10.725978653488466
2.0,30.0
2.0,13.75146037909011
1.0,9.0
2.0,16.0
2.0,11.91095744953763
2.0,10.583884812892382
2.0,7.89303625920026
1.0,2.9807649421559415
2.0,9.362090665016051
1.0,-1.4451456904025486
2.0,11.24332881272277
2.0,7.666086410024005
1.0,1.7182006774412324
2.0,8.302751941285722
2.0,12.248938235577658
2.0,9.22693194060762
2.0,11.08467536685965
2.0,18.478521030123648
1.0,-3.383935857553617
2.0,13.411165590680381
2.0,14.790641668713594
2.0,6.290617761804085
2.0,11.57774591686688
1.0,-1.3619191821271457
2.0,11.844340435704371
2.0,-1.875683872166082
1.0,-2.5680514744649114
2.0,11.071060088609855
2.0,10.887502780423235
1.0,0.42705825683979537
1.0,-4.765783673996729
2.0,10.319034091666946
2.0,11.883534630185805
2.0,11.227461247094313
2.0,8.215686873686849
1.0,-3.2119047351122525
2.0,4.9501087973235025
1.0,5.239192033387122
2.0,15.0
1.0,1.578561275123894
2.0,10.134178315136557
1.0,0.863073310777104
2.0,12.500900794506636
1.0,4.023244361669542
1.0,0.8861486812787618
1.0,0.28583379197864467
1.0,0.6524194357530455
1.0,-2.9552253145830507
2.0,10.241369139545181
1.0,3.2287058418951946
1.0,2.377319670986193
2.0,11.0
1.0,1.2480466757305264
2.0,11.395894428923235
1.0,1.8889142231678517
2.0,6.5766028387182836
2.0,21.0
2.0,3.5328520415042215
2.0,8.830012201675007
2.0,19.0
2.0,11.560644452012845
1.0,-4.1029123983205915
1.0,-1.9031954820799184
1.0,5.0
1.0,1.4429189052325004
2.0,25.0
2.0,11.518755098036763
2.0,22.0
2.0,26.0
2.0,20.0
1.0,-3.092947958484323
1.0,-1.3744530118263203
1.0,-0.742387301750556
1.0,-0.36636044372931575
1.0,-5.641824880864581
1.0,3.203234448177204
2.0,18.0
2.0,11.04941953807459
2.0,7.1132289794008505
2.0,18.0
2.0,12.350598911283832
2.0,11.954866625847444
2.0,17.0
1.0,-3.143523946628585
2.0,12.46665061787942
2.0,15.253514335768164
2.0,13.275289571216607
1.0,1.280229643957149
1.0,0.4809130714730636
1.0,2.0
1.0,-1.9579475857081639
1.0,-4.384041471790134
2.0,15.0
2.0,13.875046054901217
2.0,9.587294750361972
2.0,10.923016532876899
1.0,1.4429119237332266
2.0,9.168300734506555
2.0,13.221151434024458
1.0,0.8250599602712596
2.0,11.376668316399837
1.0,1.7382303933628889
2.0,23.0
2.0,16.0
2.0,13.18797679219103
2.0,7.910773296051676
1.0,1.3725892265570636
1.0,1.436706190318178
2.0,12.293705121034892
2.0,24.0
1.0,0.9878074514325164
1.0,4.0
2.0,14.071247370904453
1.0,-1.3267893825561787
2.0,14.161653857496928
1.0,-2.631894208565128
2.0,17.0
1.0,3.0
2.0,10.891795372660749
1.0,2.4600244043385247
1.0,3.1930151716580655
2.0,27.0
1.0,2.4483664838055725
1.0,0.6098135580159856
2.0,12.787889414073888
2.0,17.0
2.0,27.0
2.0,27.0
2.0,4.25696497291591
1.0,0.18732114032582128
1.0,5.51477277691726
2.0,17.0
1.0,-1.852001798849581
2.0,8.88073636933689
1.0,1.964238845807366
2.0,11.427176629570388
2.0,12.0
2.0,8.72813599808065
1.0,0.4988375152565627
2.0,2.5740827865036406
2.0,8.855152542636041
1.0,-2.792461629266074
2.0,13.645920698978061
1.0,1.5610042744123949
2.0,9.92084088302583
2.0,18.0
2.0,19.0
1.0,4.0
1.0,-4.632263235158202
1.0,2.0545998729364885
1.0,3.3269711619470703
1.0,2.4803824861500026
1.0,2.136958250649714
2.0,20.0
1.0,-3.7603746318632156
1.0,-2.5987546353645246
2.0,11.657125277399263
2.0,8.20786449996989
1.0,-0.2807868694504602
1.0,0.39664587632025133
1.0,0.7782392970459373
2.0,-0.4306191625273037
2.0,15.0
2.0,9.366578948933162
2.0,15.33778772891046
2.0,8.263354777455582
2.0,11.168309660853925
1.0,-0.43261593194790265
2.0,12.94871796441911
2.0,24.0
2.0,28.0
2.0,17.0
2.0,9.313784008707298
2.0,11.659564307244882
1.0,-1.315804738743855
1.0,0.640505961444409
2.0,6.434642199527818
2.0,15.0
1.0,-3.8676906163017817
1.0,0.02572413939771323
1.0,0.6534012665990877
2.0,8.886007483149315
1.0,0.8042602713010143
2.0,13.0
1.0,2.0953313142108505
1.0,8.0
1.0,1.2329018448097464
2.0,5.1964173280504315
1.0,2.524264069169261
2.0,8.31510116888958
2.0,20.0
1.0,1.76595174204812
1.0,3.0
1.0,0.22079856922633237
1.0,6.0
1.0,6.0
1.0,5.0
1.0,0.25699952173974694
1.0,-2.123606253115767
2.0,10.405805350023492
1.0,-2.506254879790131
2.0,11.671442779593512
1.0,6.0
2.0,10.179471796252452
1.0,0.3437366066650941
2.0,22.0
2.0,19.0
1.0,0.6526512789638379
1.0,-3.187430333245585
1.0,7.0
1.0,0.38312570919688227
2.0,12.831530245752836
2.0,19.988421856531787
1.0,-2.678034006752781
2.0,13.362753185482674
2.0,12.28930719216717
1.0,-2.8586235786090146
1.0,5.0
1.0,1.0588090459237864
2.0,1.5877141803139114
2.0,11.980032056831428
2.0,2.783197869065712
1.0,6.0
1.0,4.419801892117727
2.0,11.64721233992938
2.0,20.0
2.0,11.761102262025746
1.0,-0.9256817711925377
1.0,-3.2245908395081133
1.0,2.568259526868179
2.0,10.090488747911557
2.0,11.177279551995884
2.0,12.03122048390413
2.0,23.0
2.0,10.650175390627721
2.0,21.0
2.0,11.217232639679885
2.0,23.0
2.0,9.116144016211608
1.0,0.3389930672821486
2.0,12.39834946790279
2.0,6.502502583804127
1.0,6.0
2.0,13.15303525054476
2.0,24.0
2.0,11.684464774037997
1.0,8.0
2.0,9.203131459248826
2.0,14.0
2.0,9.5719833599224
2.0,11.488922681149363
1.0,-4.171685987451907
1.0,2.5349412937092604
1.0,-2.843628478183574
1.0,7.700520504021428
1.0,-2.224370950119412
2.0,13.231112097929039
1.0,0.29153637728216253
2.0,14.11541988114123
2.0,13.32874153191111
1.0,-2.0177249014034566
2.0,20.0
2.0,9.63346391812879
2.0,10.225969596867792
2.0,12.340263201605227
2.0,7.1244796596072435
1.0,-3.308894405942995
1.0,-4.078835711932252
2.0,9.148151101727354
2.0,4.750545188156874
2.0,7.658305304652577
1.0,-3.6208543319712136
2.0,12.03621213123582
1.0,10.0
1.0,0.8166504887892084
2.0,10.079617595224722
1.0,0.18236687091811463
2.0,14.46072025991819
1.0,0.2712580076140852
2.0,22.0
1.0,0.09396497881989549
1.0,3.9221062414388057
2.0,6.969276243963605
1.0,-3.581731945798912
2.0,24.0
2.0,13.207411749893259
2.0,7.412942427047004
2.0,11.805337467441618
1.0,6.98679205302378
1.0,0.9137670886172806
2.0,23.0
2.0,11.710349027234534
1.0,6.0
2.0,10.321251736789343
1.0,2.528563714739925
2.0,24.0
2.0,6.8685967830399575
2.0,12.100981458089748
1.0,0.5489011564377057
2.0,12.566710706412795
2.0,6.9741794610672825
2.0,11.423410682895753
2.0,13.953118894096676
1.0,-3.023116467898812
1.0,5.846830025054803
1.0,8.0
1.0,8.0
2.0,-1.196903829073019
1.0,1.5433168892829365
1.0,-0.8813070114746219
1.0,-4.207137302981129
2.0,20.0
2.0,12.590670793060035
1.0,-1.881702352869325
2.0,20.0
2.0,10.805936624062108
1.0,-2.915860444608249
2.0,12.315199969893072
1.0,6.0
2.0,17.0
2.0,11.297487878381771
2.0,11.8165830923746
2.0,18.11058550482925
1.0,1.8983900768685065
2.0,19.0
1.0,2.2281220924453224
2.0,11.350215384697014
2.0,22.0
1.0,0.7031499485190935
2.0,11.318640622430273
1.0,2.0415706861361973
2.0,5.47631376891172
2.0,11.804231248422658
1.0,0.6210412253089476
2.0,9.6219485727147
2.0,10.8318914627489
1.0,0.9909948123225414
2.0,10.074232204608903
1.0,-0.4118059244826573
2.0,7.480159145188754
2.0,14.0
1.0,5.0
1.0,0.42969864907135136
2.0,11.932763863323661
2.0,9.926194067495388
2.0,10.125963782625934
2.0,10.115797458931898
2.0,10.996270374739161
1.0,0.4188174036897399
2.0,6.26146364339324
2.0,11.787384434781508
1.0,-2.2485123669174456
1.0,-0.26724154999194827
2.0,8.435344005378264
2.0,12.400037759797314
2.0,13.050575489512692
1.0,0.10453299882592852
1.0,1.4646373677849993
1.0,-3.813997640809112
2.0,10.4659439249722
2.0,11.073089428329554
2.0,11.956994079137205
1.0,1.8142639115227872
2.0,24.0
1.0,-4.185571695638298
1.0,0.9596954918558885
2.0,9.755828313541777
2.0,12.704154073454667
2.0,11.127524733657067
1.0,-1.869617271066267
2.0,11.271105351102358
2.0,12.532593935469206
1.0,-0.961574680264048
1.0,-1.9664573987993659
2.0,15.0
1.0,-2.6319937582890214
2.0,19.0
1.0,2.6700770633414406
1.0,0.8282585280681042
2.0,9.926473434095453
2.0,8.292692785342576
2.0,10.653510398802096
2.0,9.632072349736449
2.0,27.0
2.0,12.306333961834795
2.0,16.206659944123373
2.0,22.0
1.0,-5.171774270537954
1.0,7.0
2.0,9.448676944937581
2.0,4.35567705987768
2.0,12.48957897925965
2.0,10.030909290031037
2.0,14.0
1.0,-4.675258221827196
2.0,10.433892529186602
1.0,0.152869617142977
2.0,15.147472907550444
2.0,10.797748103815325
1.0,4.0
2.0,12.243896329371319
1.0,-2.0236573242469604
1.0,0.4739163374860412
1.0,5.0
2.0,8.41324693612873
2.0,9.257018031114676
2.0,11.875842028261761
1.0,-4.420880515154234
2.0,9.087654945530145
1.0,-3.1653802879702
2.0,15.0
2.0,6.809612456730179
2.0,10.80810166532209
1.0,0.9711995407774464
2.0,10.176152435998315
1.0,0.1919592598411857
1.0,1.2431843391825128
2.0,14.05261608481377
1.0,7.0
1.0,-1.0161672471746845
2.0,22.0
2.0,25.0
1.0,7.0
2.0,26.0
2.0,12.57086301130585
2.0,12.772011802920199
1.0,-1.3305156325880607
1.0,6.070701011912752
1.0,0.4908286029723472
2.0,5.295000112454649
2.0,10.994852528226591
2.0,12.395391391830232
2.0,18.0
2.0,-0.46965802743503815
1.0,0.5651858967349966
2.0,7.4217393034182955
2.0,8.335633447887178
2.0,19.0
1.0,5.68757586381335
2.0,6.36319088426135
2.0,9.058083135603212
2.0,11.657140410568335
2.0,10.493908681910682
2.0,13.854489919812156
2.0,13.356606407393402
2.0,7.452118111216262
2.0,9.713371560709106
2.0,27.0
2.0,11.45547034314712
2.0,11.379096385817432
2.0,17.0
2.0,18.150768942143635
2.0,22.0
2.0,12.139871957236785
1.0,5.0
2.0,10.27206967990683
1.0,4.0
2.0,12.80265725840353
1.0,7.0
2.0,15.0
1.0,-1.4289966321546892
2.0,27.0
2.0,24.0
1.0,-1.0505477776687404
1.0,5.0
2.0,15.0
1.0,6.254214503264946
2.0,12.665458271454852
1.0,1.1648105613930617
2.0,-4.067782379405779
1.0,-2.272662842239999
1.0,9.085832113521285
2.0,13.74782717255048
2.0,13.023494187098327
2.0,3.4673680716390436
1.0,0.1679788546898675
1.0,4.957777666773481
2.0,11.69412485478793
2.0,4.102790015877551
1.0,6.0
1.0,4.739367981557943
2.0,9.680090462096263
2.0,19.0
1.0,1.245860614380717
1.0,3.442366229279576
1.0,4.0
2.0,10.229401954562121
1.0,1.7625038022786579
1.0,3.229146188978646
2.0,8.357086717585098
1.0,5.0
1.0,1.2870474264781209
2.0,15.091372798590164
1.0,-2.9789567789302995
2.0,11.134234313333911
1.0,-1.7961787552235084
2.0,17.0
1.0,-0.35572719681446063
2.0,4.488157800062751
1.0,-3.1880691111093085
2.0,28.0
1.0,-2.633624629276254
2.0,17.0
1.0,7.0
2.0,9.355585518258172
2.0,12.776424234538922
1.0,1.0873994894649508
2.0,8.680086387128354
2.0,5.571804565267444
2.0,20.0
2.0,11.592166829990374
2.0,12.513710702181951
2.0,14.260401609606486
2.0,13.82646683320382
2.0,13.947876204823222
1.0,2.6258114298952826
2.0,14.090572286118828
1.0,3.316806114129725
1.0,0.021320310208277043
1.0,-2.203843127037281
1.0,2.0
2.0,11.847271233838796
2.0,16.869543802402582
2.0,11.801660588210122
1.0,-1.9528916701981045
2.0,24.0
2.0,16.0
2.0,11.097642577870342
2.0,11.645630171218396
1.0,0.10049114107671635
2.0,13.637934977494965
2.0,18.0
2.0,14.0
2.0,10.959702121088984
2.0,18.0
2.0,7.839482994451795
2.0,13.8336941925545
2.0,12.55090101661516
2.0,12.785568353828918
1.0,6.0
1.0,-0.47796900362097355
2.0,12.91134385106828
2.0,23.0
1.0,0.10317549906308626
2.0,13.822527701170365
2.0,6.316140011409834
1.0,9.925548446285603
1.0,2.0178380937722484
1.0,3.0
1.0,-2.3330688466737834
1.0,-0.4198567930298309
2.0,11.894684738346013
2.0,8.032044155926602
2.0,11.819304688309993
2.0,7.872062932991226
2.0,15.0
2.0,12.490844883567746
2.0,16.695715246924976
1.0,5.918735439357253
2.0,8.949743715132527
1.0,-1.726249342190746
2.0,26.0
2.0,10.817246576652282
2.0,11.583838186034134
2.0,18.062402782582446
2.0,17.98169042972241
2.0,16.0
1.0,-2.8480725791441257
2.0,7.657800742842868
1.0,1.003280192900374
1.0,0.6280471169617687
2.0,10.038383562955978
2.0,11.438059534441882
1.0,2.0581131977826206
1.0,1.0124229871755823
1.0,2.00350834595259
1.0,1.422456103183993
1.0,0.24303848915026038
1.0,-0.24847061994967135
2.0,2.0831967376206144
2.0,11.995215761728511
2.0,12.845799758233335
1.0,1.8169259368044326
1.0,-0.935723063514348
2.0,8.356308096137148
2.0,18.0
2.0,7.666817236159919
1.0,-3.026130883226328
2.0,21.0
2.0,11.0
2.0,22.0
1.0,1.6093832163738806
1.0,3.8851043569693835
2.0,9.535253067239488
1.0,1.8850008178802804
2.0,23.0
1.0,-2.090265075028875
1.0,-0.2622669307008745
2.0,8.185254748565217
2.0,5.950793986824591
2.0,12.448858487193549
1.0,1.0759792705283593
2.0,9.836731626402099
1.0,-2.8272617787547127
2.0,22.0
1.0,0.29163378998951417
1.0,-3.8577340241723403
2.0,17.0
2.0,12.53894340191432
2.0,2.361613970999006
1.0,-1.8445462530677836
1.0,7.737063307731038
2.0,16.0
1.0,0.22116662053677816
2.0,8.788321009641724
2.0,20.0
2.0,9.50373079148881
1.0,-2.209808108185978
1.0,-2.3462229833295876
2.0,12.453891090796134
2.0,10.362832666007597
2.0,19.0
2.0,9.9970698755798
1.0,-4.736672089627745
2.0,10.609836084744499
2.0,15.0
2.0,26.0
2.0,11.785599848907449
2.0,5.59307153167766
2.0,10.456434456919487
1.0,1.2761325258710683
2.0,11.321906157901656
1.0,2.8311576685076014
1.0,-3.190604927018217
1.0,4.0
2.0,22.0
2.0,10.721168233668818
2.0,12.741474357770175
2.0,21.0
1.0,7.970675533824865
1.0,-0.12486981574951361
1.0,4.0
1.0,-2.6225722174974306
1.0,2.020150542884594
2.0,10.580630758888816
2.0,15.901787650013862
2.0,11.586931739116785
2.0,21.0
1.0,-5.2276770758020525
1.0,1.2666664330966928
1.0,-4.575577993500622
2.0,18.0
2.0,12.278309531361156
1.0,3.6407212604688293
2.0,3.7704196092592133
2.0,13.883044542390406
2.0,8.301250897136374
2.0,8.389327017083342
2.0,10.149235050679755
2.0,29.0
1.0,7.0
1.0,1.2112366980112539
2.0,11.251547266912667
1.0,5.0848222339481115
1.0,-1.4832509414366513
2.0,17.0
2.0,10.610000040108352
2.0,14.41956218328923
1.0,-6.039906866149556
1.0,0.2413821322440479
2.0,9.154768065980662
2.0,14.78529289686341
1.0,1.5143865511224375
2.0,18.0
1.0,3.2936989134396777
1.0,1.4923371538641763
2.0,6.011857220315979
2.0,8.969558244500591
2.0,11.954360888360156
1.0,3.631564186407661
2.0,11.111716120111202
1.0,0.2494522483768452
2.0,17.0
2.0,5.604299843865018
2.0,13.835646230390191
1.0,7.0
2.0,9.164463331823711
2.0,12.23431144756307
2.0,8.35455246840146
2.0,10.925209079161625
2.0,5.892060443652906
2.0,10.581500721499989
1.0,-2.0648288509520882
1.0,2.246359371243233
1.0,0.385871968338253
2.0,19.0
2.0,11.997761539075393
2.0,11.336281267706763
2.0,-1.7857665077461995
2.0,10.649035534801431
2.0,8.476302856814527
1.0,4.0
1.0,9.0
2.0,11.064528441076668
2.0,16.0
1.0,2.0
2.0,18.0
2.0,27.0
1.0,7.0
2.0,14.91608689024596
1.0,0.3794514783528177
2.0,12.50403012383444
2.0,11.395324397524186
2.0,14.523864589125067
2.0,9.765599655343852
1.0,-1.6085835456376432
2.0,13.449600187502828
2.0,28.0
1.0,3.7399756488663756
1.0,0.9176287876223368
1.0,0.15334938981431284
2.0,14.5148824576596
1.0,-2.667909046782366
1.0,1.6428085206430953
1.0,0.20629863420559394
2.0,12.027365090767242
2.0,6.754916780460707
1.0,1.7340074775270584
2.0,12.285212812093853
2.0,6.319054445238628
1.0,7.0
2.0,12.872357491875913
1.0,1.854428999491184
1.0,-1.4460137135643685
2.0,12.078073031695498
1.0,2.0694682155768325
1.0,-3.85315822030985
2.0,19.0
2.0,16.0
1.0,0.30921109238468664
2.0,4.720855706622744
2.0,20.0
2.0,-2.2233017476218837
1.0,-1.4669006415038495
1.0,-1.5381285300853136
1.0,5.5898720236278825
1.0,0.20716622165365103
1.0,2.9418530897526485
1.0,-1.811220963556379
2.0,10.06094440455704
1.0,0.4504706789299116
2.0,11.364365708323943
2.0,11.518113635873698
2.0,10.13069267274172
1.0,2.3716379535074346
1.0,1.2393055841491727
1.0,8.540984919439772
2.0,6.726716306274371
1.0,-2.4830008615581347
2.0,11.742795137805231
2.0,16.748418760468557
1.0,-3.1261460635617144
1.0,-2.3043688378494327
2.0,11.907580381334014
2.0,20.009003237725125
2.0,14.0
2.0,9.96467716710596
1.0,-1.4397912190327664
2.0,23.0
1.0,1.7848988425475842
2.0,13.720285430333302
1.0,1.675483376187671
1.0,0.8548027456698678
2.0,6.1070147880433945
2.0,24.0
2.0,12.478584926675545
1.0,0.037220325146247735
2.0,9.075589002291743
2.0,12.0
1.0,-1.7231502983427585
2.0,7.632652816884184
2.0,16.53741502502903
1.0,-1.6353686792681694
1.0,5.0
1.0,0.09193649903612074
2.0,9.27414021462661
1.0,-3.499267353084364
2.0,12.806053925898832
2.0,19.0
2.0,11.433080647131256
2.0,7.147410253126672
2.0,18.0
1.0,6.0
2.0,13.750605587652238
2.0,7.012746383857461
2.0,11.052692417193716
2.0,14.0
1.0,-1.101293529116775
1.0,-1.4761529812488017
2.0,11.893435694281278
2.0,18.0
1.0,-0.6447269844779248
2.0,13.550989218606539
2.0,7.7973548543637055
2.0,11.776989516549964
1.0,-2.715395120077634
2.0,11.617070632172211
1.0,-4.293670553502505
2.0,11.846925209414032
2.0,11.731346882703898
1.0,7.0
2.0,19.0
1.0,1.8551964671670904
2.0,11.536156567688689
2.0,21.0
2.0,9.430749365268706
1.0,7.0
2.0,17.0
1.0,1.4185699250048631
1.0,2.7180587939315304
2.0,19.0
1.0,0.7441085110749017
1.0,-3.535979098716929
2.0,-0.29471819971842095
1.0,5.0
2.0,8.832513545227695
2.0,12.90723862657162
2.0,11.128251216687135
2.0,9.322440124151468
1.0,1.0
2.0,5.990626784374762
1.0,8.70032052793835
2.0,19.0
2.0,15.504463850581912
2.0,11.504163125592461
2.0,6.006870587675095
2.0,13.399671025606379
2.0,9.099008139098425
2.0,18.0
1.0,1.4262467595948085
2.0,10.284130532937857
2.0,13.537365984124275
1.0,5.0
1.0,-1.9203363546850671
2.0,14.0
2.0,8.855235263762772
2.0,17.0
2.0,12.100534198829484
2.0,8.536576572590144
2.0,13.74164802769177
2.0,11.112206484756177
1.0,-2.665450517037399
1.0,0.9115402119584007
2.0,8.49074510185826
2.0,11.675869787501322
2.0,14.07845629007561
2.0,11.09227067814987
2.0,11.912670794533637
1.0,-3.128904285910303
1.0,0.3285214554224218
1.0,0.7423915669979562
1.0,4.0
1.0,-2.1533250765941876
2.0,6.73335442760075
1.0,-2.653879334576688
1.0,8.0
2.0,15.0
2.0,8.75071505920455
1.0,6.0
2.0,9.588230289570701
1.0,0.09070419270281148
1.0,7.0
1.0,0.05089743120046819
1.0,1.6046420570080024
2.0,18.0
1.0,0.10301675594674646
2.0,11.082575295518422
2.0,22.0
2.0,7.8203212597754055
1.0,-0.1985410272586141
1.0,0.3415708192938751
1.0,-0.9160636175597132
2.0,12.889668274402622
